Parser Name,Status,Category,Python File,Notes
"abuse_ch","VERIFIED","Verified","urlhaus.py",""
"abuse_oneprovider","VERIFIED","Verified","abuse_oneprovider.py",""
"abusehub_nl","VERIFIED","Verified","abusehub_nl.py",""
"abusetrue_nl","VERIFIED","Verified","abusetrue_nl.py",""
"abusix","VERIFIED","Verified","abusix.py",""
"acastano","VERIFIED","Verified","acastano.py",""
"accenture","VERIFIED","Verified","accenture.py",""
"acedatacenter","VERIFIED","Verified","acedatacenter.py",""
"acns","VERIFIED","Verified","acns.py",""
"adciberespaco","VERIFIED","Verified","adciberespaco.py",""
"adobe","FABRICATED","NO PYTHON SOURCE","","No Python source found - likely fabricated"
"agouros","VERIFIED","Verified","agouros.py",""
"aiplex","RENAMED","Missing Comment","aiplex.py","No translation comment, but Python file exists"
"akamai","RENAMED","Missing Comment","akamai.py","No translation comment, but Python file exists"
"amasha","RENAMED","Missing Comment","amasha.py","No translation comment, but Python file exists"
"amazon","RENAMED","Missing Comment","amazon.py","No translation comment, but Python file exists"
"antipiracy","RENAMED","Missing Comment","antipiracy.py","No translation comment, but Python file exists"
"antipiracy_report","RENAMED","Missing Comment","antipiracy_report.py","No translation comment, but Python file exists"
"antipiracyprotection","RENAMED","Missing Comment","antipiracyprotection.py","No translation comment, but Python file exists"
"anvisa_gov","RENAMED","Missing Comment","anvisa_gov.py","No translation comment, but Python file exists"
"aol","RENAMED","Missing Comment","aol.py","No translation comment, but Python file exists"
"ap_markmonitor","RENAMED","Missing Comment","ap_markmonitor.py","No translation comment, but Python file exists"
"aparlay","RENAMED","Missing Comment","aparlay.py","No translation comment, but Python file exists"
"apiccopyright","RENAMED","Missing Comment","apiccopyright.py","No translation comment, but Python file exists"
"apple","SUSPICIOUS","Pattern-based","","Pattern-based implementation"
"arkadruk","RENAMED","Missing Comment","arkadruk.py","No translation comment, but Python file exists"
"artplanet","RENAMED","Missing Comment","artplanet.py","No translation comment, but Python file exists"
"aruba","RENAMED","Missing Comment","aruba.py","No translation comment, but Python file exists"
"att","RENAMED","Missing Comment","att.py","No translation comment, but Python file exists"
"attributor","SUSPICIOUS","Pattern-based","","Pattern-based implementation"
"autofusion","RENAMED","Missing Comment","autofusion.py","No translation comment, but Python file exists"
"avoxi","SUSPICIOUS","Pattern-based","","Pattern-based implementation"
"aws","FABRICATED","NO PYTHON SOURCE","","No Python source found - likely fabricated"
"axghouse","SUSPICIOUS","Pattern-based","","Pattern-based implementation"
"axur","RENAMED","Missing Comment","axur.py","No translation comment, but Python file exists"
"azure","FABRICATED","NO PYTHON SOURCE","","No Python source found - likely fabricated"
"b_monitor","SUSPICIOUS","Pattern-based","","Pattern-based implementation"
"baidu","FABRICATED","NO PYTHON SOURCE","","No Python source found - likely fabricated"
"barrettlawgroup","RENAMED","Missing Comment","barrettlawgroup.py","No translation comment, but Python file exists"
"base","ERROR","","","Cannot read Go file"
"baysidecorp","VERIFIED","Verified","baysidecorp.py",""
"bb","VERIFIED","Verified","bb.py",""
"bbc","RENAMED","Missing Comment","bbc.py","No translation comment, but Python file exists"
"bell","RENAMED","Similar Python Found","bellsouth.py","Similar Python file exists"
"bellsouth","VERIFIED","Verified","bellsouth.py",""
"beygoo","VERIFIED","Verified","beygoo.py",""
"bibo","RENAMED","Missing Comment","bibo.py","No translation comment, but Python file exists"
"bitninja","RENAMED","Missing Comment","bitninja.py","No translation comment, but Python file exists"
"bka","RENAMED","Missing Comment","bka.py","No translation comment, but Python file exists"
"black_dura","RENAMED","Missing Comment","black_dura.py","No translation comment, but Python file exists"
"bluehost","FABRICATED","NO PYTHON SOURCE","","No Python source found - likely fabricated"
"bluevoyant","RENAMED","Missing Comment","bluevoyant.py","No translation comment, but Python file exists"
"bnshosting","RENAMED","Missing Comment","bnshosting.py","No translation comment, but Python file exists"
"bofa","RENAMED","Missing Comment","bofa.py","No translation comment, but Python file exists"
"botnet_tracker","VERIFIED","Verified","botnet_tracker.py",""
"bp_corsearch","RENAMED","Missing Comment","bp_corsearch.py","No translation comment, but Python file exists"
"bpi","SUSPICIOUS","Pattern-based","","Pattern-based implementation"
"bradesco","RENAMED","Missing Comment","bradesco.py","No translation comment, but Python file exists"
"brandmonitor","RENAMED","Missing Comment","brandmonitor.py","No translation comment, but Python file exists"
"brandprotection","RENAMED","Missing Comment","brandprotection.py","No translation comment, but Python file exists"
"brandsecurity_ru","VERIFIED","Verified","brandsecurity_ru.py",""
"brandshield","VERIFIED","Verified","brandshield.py",""
"bsi","VERIFIED","Verified","bsi.py",""
"bt","VERIFIED","Verified","bt.py",""
"buerki","RENAMED","Missing Comment","buerki.py","No translation comment, but Python file exists"
"buycheaprdp","RENAMED","Missing Comment","buycheaprdp.py","No translation comment, but Python file exists"
"bwbmodels","SUSPICIOUS","Pattern-based","","Pattern-based implementation"
"bytescare","RENAMED","Missing Comment","bytescare.py","No translation comment, but Python file exists"
"cammodelprotect","SUSPICIOUS","Pattern-based","","Pattern-based implementation"
"cavac","RENAMED","Missing Comment","cavac.py","No translation comment, but Python file exists"
"cbs","SUSPICIOUS","Pattern-based","","Pattern-based implementation"
"ccirc","RENAMED","Missing Comment","ccirc.py","No translation comment, but Python file exists"
"cdar_westpac","RENAMED","Missing Comment","cdar_westpac.py","No translation comment, but Python file exists"
"centurylink","VERIFIED","Verified","centurylink.py",""
"centurylinkservices","RENAMED","Missing Comment","centurylinkservices.py","No translation comment, but Python file exists"
"cert_bz","RENAMED","Missing Comment","cert_bz.py","No translation comment, but Python file exists"
"cert_ee","RENAMED","Missing Comment","cert_ee.py","No translation comment, but Python file exists"
"cert_es","RENAMED","Missing Comment","cert_es.py","No translation comment, but Python file exists"
"cert_fi","FABRICATED","NO PYTHON SOURCE","","No Python source found - likely fabricated"
"cert_gib","RENAMED","Missing Comment","cert_gib.py","No translation comment, but Python file exists"
"cert_gov","RENAMED","Missing Comment","cert_gov.py","No translation comment, but Python file exists"
"cert_hr","RENAMED","Missing Comment","cert_hr.py","No translation comment, but Python file exists"
"cert_in","RENAMED","Missing Comment","cert_in.py","No translation comment, but Python file exists"
"cert_lt","RENAMED","Missing Comment","cert_lt.py","No translation comment, but Python file exists"
"cert_no","RENAMED","Missing Comment","cert_no.py","No translation comment, but Python file exists"
"cert_nz","RENAMED","Missing Comment","cert_nz.py","No translation comment, but Python file exists"
"cert_pl","RENAMED","Missing Comment","cert_pl.py","No translation comment, but Python file exists"
"cert_pt","RENAMED","Missing Comment","cert_pt.py","No translation comment, but Python file exists"
"cert_rcts","RENAMED","Missing Comment","cert_rcts.py","No translation comment, but Python file exists"
"cert_ro","RENAMED","Missing Comment","cert_ro.py","No translation comment, but Python file exists"
"cert_ua","RENAMED","Missing Comment","cert_ua.py","No translation comment, but Python file exists"
"certat","RENAMED","Missing Comment","certat.py","No translation comment, but Python file exists"
"certbr","RENAMED","Missing Comment","certbr.py","No translation comment, but Python file exists"
"chaturbate","SUSPICIOUS","Pattern-based","","Pattern-based implementation"
"checkphish","RENAMED","Missing Comment","checkphish.py","No translation comment, but Python file exists"
"choopa","FABRICATED","NO PYTHON SOURCE","","No Python source found - likely fabricated"
"circllu","RENAMED","Missing Comment","circllu.py","No translation comment, but Python file exists"
"ciu_online","RENAMED","Missing Comment","ciu_online.py","No translation comment, but Python file exists"
"cloudflare","RENAMED","Missing Comment","cloudflare.py","No translation comment, but Python file exists"
"cloudflare_report","RENAMED","Similar Python Found","cloudflare.py","Similar Python file exists"
"cloudns","VERIFIED","Verified","cloudns.py",""
"cnsd_gob_pe","RENAMED","Missing Comment","cnsd_gob_pe.py","No translation comment, but Python file exists"
"cogent","RENAMED","Missing Comment","cogent.py","No translation comment, but Python file exists"
"colocationamerica","RENAMED","Missing Comment","colocationamerica.py","No translation comment, but Python file exists"
"columbiaedu","RENAMED","Missing Comment","columbiaedu.py","No translation comment, but Python file exists"
"comcast","VERIFIED","Verified","comcast.py",""
"comeso","RENAMED","Missing Comment","comeso.py","No translation comment, but Python file exists"
"common","ERROR","","","Cannot read Go file"
"communicationvalley","RENAMED","Missing Comment","communicationvalley.py","No translation comment, but Python file exists"
"comvive","RENAMED","Missing Comment","comvive.py","No translation comment, but Python file exists"
"copyright_compliance","RENAMED","Missing Comment","copyright_compliance.py","No translation comment, but Python file exists"
"copyright_integrity","RENAMED","Missing Comment","copyright_integrity.py","No translation comment, but Python file exists"
"counterfeittechnology","RENAMED","Missing Comment","counterfeittechnology.py","No translation comment, but Python file exists"
"courbis","RENAMED","Missing Comment","courbis.py","No translation comment, but Python file exists"
"courts_in","RENAMED","Missing Comment","courts_in.py","No translation comment, but Python file exists"
"cpanel","RENAMED","Missing Comment","cpanel.py","No translation comment, but Python file exists"
"cpragency","RENAMED","Missing Comment","cpragency.py","No translation comment, but Python file exists"
"crdflabs","RENAMED","Missing Comment","crdflabs.py","No translation comment, but Python file exists"
"crm_wix","RENAMED","Missing Comment","crm_wix.py","No translation comment, but Python file exists"
"crowdstrike","RENAMED","Missing Comment","crowdstrike.py","No translation comment, but Python file exists"
"csa","RENAMED","Missing Comment","csa.py","No translation comment, but Python file exists"
"cscglobal","RENAMED","Missing Comment","cscglobal.py","No translation comment, but Python file exists"
"csirt_br","RENAMED","Missing Comment","csirt_br.py","No translation comment, but Python file exists"
"csirt_cz","RENAMED","Missing Comment","csirt_cz.py","No translation comment, but Python file exists"
"csirt_divd","RENAMED","Missing Comment","csirt_divd.py","No translation comment, but Python file exists"
"csirt_dnofd","RENAMED","Missing Comment","csirt_dnofd.py","No translation comment, but Python file exists"
"csirt_muni","RENAMED","Missing Comment","csirt_muni.py","No translation comment, but Python file exists"
"csis","RENAMED","Missing Comment","csis.py","No translation comment, but Python file exists"
"customvisuals","RENAMED","Missing Comment","customvisuals.py","No translation comment, but Python file exists"
"cyber999","RENAMED","Missing Comment","cyber999.py","No translation comment, but Python file exists"
"cyber_gc","RENAMED","Missing Comment","cyber_gc.py","No translation comment, but Python file exists"
"cyberint","SUSPICIOUS","Pattern-based","","Pattern-based implementation"
"cybertip","RENAMED","Missing Comment","cybertip.py","No translation comment, but Python file exists"
"cyberweb","RENAMED","Missing Comment","cyberweb.py","No translation comment, but Python file exists"
"cyble","SUSPICIOUS","Pattern-based","","Pattern-based implementation"
"d3lab","RENAMED","Missing Comment","d3lab.py","No translation comment, but Python file exists"
"darklist","RENAMED","Missing Comment","darklist.py","No translation comment, but Python file exists"
"datapacket","RENAMED","Missing Comment","datapacket.py","No translation comment, but Python file exists"
"dcpmail","RENAMED","Missing Comment","dcpmail.py","No translation comment, but Python file exists"
"dd_tech","RENAMED","Missing Comment","dd_tech.py","No translation comment, but Python file exists"
"ddos_google","RENAMED","Missing Comment","ddos_google.py","No translation comment, but Python file exists"
"debian","RENAMED","Missing Comment","debian.py","No translation comment, but Python file exists"
"defaria","RENAMED","Missing Comment","defaria.py","No translation comment, but Python file exists"
"deft","RENAMED","Missing Comment","deft.py","No translation comment, but Python file exists"
"deloite","RENAMED","Missing Comment","deloite.py","No translation comment, but Python file exists"
"desmoweb","RENAMED","Missing Comment","desmoweb.py","No translation comment, but Python file exists"
"dgn","RENAMED","Missing Comment","dgn.py","No translation comment, but Python file exists"
"dgt","RENAMED","Missing Comment","dgt.py","No translation comment, but Python file exists"
"digiguardians","RENAMED","Missing Comment","digiguardians.py","No translation comment, but Python file exists"
"digital_ocean","FABRICATED","NO PYTHON SOURCE","","No Python source found - likely fabricated"
"digiturk","RENAMED","Missing Comment","digiturk.py","No translation comment, but Python file exists"
"disney","RENAMED","Missing Comment","disney.py","No translation comment, but Python file exists"
"djr_co","RENAMED","Missing Comment","djr_co.py","No translation comment, but Python file exists"
"dmarc_xml","RENAMED","Missing Comment","dmarc_xml.py","No translation comment, but Python file exists"
"dmca_com","SUSPICIOUS","Pattern-based","","Pattern-based implementation"
"dmca_pro","RENAMED","Missing Comment","dmca_pro.py","No translation comment, but Python file exists"
"dmcaforce","SUSPICIOUS","Pattern-based","","Pattern-based implementation"
"dmcapiracyprevention","RENAMED","Missing Comment","dmcapiracyprevention.py","No translation comment, but Python file exists"
"dnainternet","RENAMED","Missing Comment","dnainternet.py","No translation comment, but Python file exists"
"dnsc","RENAMED","Missing Comment","dnsc.py","No translation comment, but Python file exists"
"dnsimple","SUSPICIOUS","Pattern-based","","Pattern-based implementation"
"docusign","RENAMED","Missing Comment","docusign.py","No translation comment, but Python file exists"
"domainabusereporting","RENAMED","Missing Comment","domainabusereporting.py","No translation comment, but Python file exists"
"domainoo","RENAMED","Missing Comment","domainoo.py","No translation comment, but Python file exists"
"doppel","RENAMED","Missing Comment","doppel.py","No translation comment, but Python file exists"
"dreamhost","FABRICATED","NO PYTHON SOURCE","","No Python source found - likely fabricated"
"dreamworldpartners","RENAMED","Missing Comment","dreamworldpartners.py","No translation comment, but Python file exists"
"dreyfus","RENAMED","Missing Comment","dreyfus.py","No translation comment, but Python file exists"
"easysol","RENAMED","Missing Comment","easysol.py","No translation comment, but Python file exists"
"ebay","VERIFIED","Verified","ebay.py",""
"ebrand","VERIFIED","Verified","ebrand.py",""
"ebs","RENAMED","Missing Comment","ebs.py","No translation comment, but Python file exists"
"eca","RENAMED","Missing Comment","eca.py","No translation comment, but Python file exists"
"ecatel","FABRICATED","NO PYTHON SOURCE","","No Python source found - likely fabricated"
"ecucert","RENAMED","Missing Comment","ecucert.py","No translation comment, but Python file exists"
"eisys","RENAMED","Missing Comment","eisys.py","No translation comment, but Python file exists"
"ellematthewsmodel","RENAMED","Missing Comment","ellematthewsmodel.py","No translation comment, but Python file exists"
"enf_meta","FABRICATED","NO PYTHON SOURCE","","No Python source found - likely fabricated"
"enfappdetex","RENAMED","Missing Comment","enfappdetex.py","No translation comment, but Python file exists"
"enom","FABRICATED","NO PYTHON SOURCE","","No Python source found - likely fabricated"
"entura","RENAMED","Missing Comment","entura.py","No translation comment, but Python file exists"
"ephemeron","RENAMED","Missing Comment","ephemeron.py","No translation comment, but Python file exists"
"eq_ee","RENAMED","Missing Comment","eq_ee.py","No translation comment, but Python file exists"
"esp","RENAMED","Missing Comment","esp.py","No translation comment, but Python file exists"
"espresso","RENAMED","Missing Comment","espresso.py","No translation comment, but Python file exists"
"etoolkit","RENAMED","Missing Comment","etoolkit.py","No translation comment, but Python file exists"
"etotalhost","RENAMED","Missing Comment","etotalhost.py","No translation comment, but Python file exists"
"etsy","SUSPICIOUS","Pattern-based","","Pattern-based implementation"
"europa_eu","RENAMED","Missing Comment","europa_eu.py","No translation comment, but Python file exists"
"exemail","RENAMED","Missing Comment","exemail.py","No translation comment, but Python file exists"
"experian","RENAMED","Missing Comment","experian.py","No translation comment, but Python file exists"
"expressvpn","RENAMED","Missing Comment","expressvpn.py","No translation comment, but Python file exists"
"eyeonpiracy","RENAMED","Missing Comment","eyeonpiracy.py","No translation comment, but Python file exists"
"facct","RENAMED","Missing Comment","facct.py","No translation comment, but Python file exists"
"facebook","FABRICATED","NO PYTHON SOURCE","","No Python source found - likely fabricated"
"fail2ban","RENAMED","Missing Comment","fail2ban.py","No translation comment, but Python file exists"
"fastly","SUSPICIOUS","Pattern-based","","Pattern-based implementation"
"fbi_ipv6home","RENAMED","Missing Comment","fbi_ipv6home.py","No translation comment, but Python file exists"
"fbl","VERIFIED","Verified","02_feedback_loop.py",""
"fbs","RENAMED","Missing Comment","fbs.py","No translation comment, but Python file exists"
"feedback_loop","RENAMED","Similar Python Found","02_feedback_loop.py","Similar Python file exists"
"feodotracker","RENAMED","Renamed","urlhaus.py for feodotracker-notify@abuse.ch","Python file not found at referenced location"
"fhs","RENAMED","Missing Comment","fhs.py","No translation comment, but Python file exists"
"flyhosting","RENAMED","Missing Comment","flyhosting.py","No translation comment, but Python file exists"
"fmtsoperation","RENAMED","Missing Comment","fmtsoperation.py","No translation comment, but Python file exists"
"fondia","RENAMED","Missing Comment","fondia.py","No translation comment, but Python file exists"
"fox","SUSPICIOUS","Pattern-based","","Pattern-based implementation"
"fraudwatch","RENAMED","Missing Comment","fraudwatch.py","No translation comment, but Python file exists"
"fraudwatchinternational","RENAMED","Missing Comment","fraudwatchinternational.py","No translation comment, but Python file exists"
"freedomtech","RENAMED","Missing Comment","freedomtech.py","No translation comment, but Python file exists"
"friendmts","RENAMED","Missing Comment","friendmts.py","No translation comment, but Python file exists"
"fsec","RENAMED","Missing Comment","fsec.py","No translation comment, but Python file exists"
"fsm","RENAMED","Missing Comment","fsm.py","No translation comment, but Python file exists"
"gastecnologia","RENAMED","Missing Comment","gastecnologia.py","No translation comment, but Python file exists"
"gcp","FABRICATED","NO PYTHON SOURCE","","No Python source found - likely fabricated"
"generic_spam_trap","RENAMED","Similar Python Found","ZX_generic_spam_trap.py","Similar Python file exists"
"ginernet","RENAMED","Missing Comment","ginernet.py","No translation comment, but Python file exists"
"giorgioarmaniweb","RENAMED","Missing Comment","giorgioarmaniweb.py","No translation comment, but Python file exists"
"gmail_parser","RENAMED","Missing Comment","gmail_parser.py","No translation comment, but Python file exists"
"gmx","RENAMED","Missing Comment","gmx.py","No translation comment, but Python file exists"
"gmx_com","RENAMED","Missing Comment","gmx_com.py","No translation comment, but Python file exists"
"godaddy","FABRICATED","NO PYTHON SOURCE","","No Python source found - likely fabricated"
"gold_parser","RENAMED","Similar Python Found","06_gold_parser.py","Similar Python file exists"
"google","SUSPICIOUS","Pattern-based","","Pattern-based implementation"
"googlesafebrowsing","RENAMED","Missing Comment","googlesafebrowsing.py","No translation comment, but Python file exists"
"govcert_ch","RENAMED","Missing Comment","govcert_ch.py","No translation comment, but Python file exists"
"griffeshield","RENAMED","Missing Comment","griffeshield.py","No translation comment, but Python file exists"
"group_ib","SUSPICIOUS","Pattern-based","","Pattern-based implementation"
"hack_hunt","RENAMED","Missing Comment","hack_hunt.py","No translation comment, but Python file exists"
"hbo","SUSPICIOUS","Pattern-based","","Pattern-based implementation"
"heficed","RENAMED","Missing Comment","heficed.py","No translation comment, but Python file exists"
"herrbischoff","RENAMED","Missing Comment","herrbischoff.py","No translation comment, but Python file exists"
"hetzner","RENAMED","Missing Comment","hetzner.py","No translation comment, but Python file exists"
"hfmarket","RENAMED","Missing Comment","hfmarket.py","No translation comment, but Python file exists"
"hispasec","RENAMED","Missing Comment","hispasec.py","No translation comment, but Python file exists"
"hkcert","RENAMED","Missing Comment","hkcert.py","No translation comment, but Python file exists"
"home","RENAMED","Missing Comment","home.py","No translation comment, but Python file exists"
"honeypots_tk","RENAMED","Missing Comment","honeypots_tk.py","No translation comment, but Python file exists"
"hostdime","RENAMED","Missing Comment","hostdime.py","No translation comment, but Python file exists"
"hosteurope","RENAMED","Missing Comment","hosteurope.py","No translation comment, but Python file exists"
"hostfission","RENAMED","Missing Comment","hostfission.py","No translation comment, but Python file exists"
"hostopia","RENAMED","Missing Comment","hostopia.py","No translation comment, but Python file exists"
"hostroyale","RENAMED","Missing Comment","hostroyale.py","No translation comment, but Python file exists"
"hotmail","RENAMED","Missing Comment","hotmail.py","No translation comment, but Python file exists"
"huawei","FABRICATED","NO PYTHON SOURCE","","No Python source found - likely fabricated"
"humongoushibiscus","RENAMED","Missing Comment","humongoushibiscus.py","No translation comment, but Python file exists"
"hyperfilter","RENAMED","Missing Comment","hyperfilter.py","No translation comment, but Python file exists"
"ibcom","RENAMED","Missing Comment","ibcom.py","No translation comment, but Python file exists"
"ibm","RENAMED","Missing Comment","ibm.py","No translation comment, but Python file exists"
"icscards","RENAMED","Missing Comment","icscards.py","No translation comment, but Python file exists"
"ifpi","VERIFIED","Verified","ifpi.py",""
"iheatwithoil","RENAMED","Missing Comment","iheatwithoil.py","No translation comment, but Python file exists"
"ilvasapolli","RENAMED","Missing Comment","ilvasapolli.py","No translation comment, but Python file exists"
"inaxas","RENAMED","Missing Comment","inaxas.py","No translation comment, but Python file exists"
"incopro","RENAMED","Missing Comment","incopro.py","No translation comment, but Python file exists"
"infringements_cc","RENAMED","Missing Comment","infringements_cc.py","No translation comment, but Python file exists"
"innotec","RENAMED","Missing Comment","innotec.py","No translation comment, but Python file exists"
"instagram","FABRICATED","NO PYTHON SOURCE","","No Python source found - likely fabricated"
"interconnect","RENAMED","Missing Comment","interconnect.py","No translation comment, but Python file exists"
"interhost","RENAMED","Missing Comment","interhost.py","No translation comment, but Python file exists"
"interieur_gouv_fr","RENAMED","Missing Comment","interieur_gouv_fr.py","No translation comment, but Python file exists"
"internap","FABRICATED","NO PYTHON SOURCE","","No Python source found - likely fabricated"
"internet2","RENAMED","Missing Comment","internet2.py","No translation comment, but Python file exists"
"intsights","RENAMED","Missing Comment","intsights.py","No translation comment, but Python file exists"
"ionos","VERIFIED","Verified","ionos.py",""
"ipvanish","RENAMED","Missing Comment","ipvanish.py","No translation comment, but Python file exists"
"ipxo","RENAMED","Missing Comment","ipxo.py","No translation comment, but Python file exists"
"irdeto","RENAMED","Missing Comment","irdeto.py","No translation comment, but Python file exists"
"irisio","RENAMED","Missing Comment","irisio.py","No translation comment, but Python file exists"
"irs","RENAMED","Missing Comment","irs.py","No translation comment, but Python file exists"
"isag","RENAMED","Missing Comment","isag.py","No translation comment, but Python file exists"
"ish","RENAMED","Missing Comment","ish.py","No translation comment, but Python file exists"
"itv","SUSPICIOUS","Pattern-based","","Pattern-based implementation"
"iwf","RENAMED","Missing Comment","iwf.py","No translation comment, but Python file exists"
"izoologic","RENAMED","Missing Comment","izoologic.py","No translation comment, but Python file exists"
"jcloud","RENAMED","Missing Comment","jcloud.py","No translation comment, but Python file exists"
"jeffv","RENAMED","Missing Comment","jeffv.py","No translation comment, but Python file exists"
"joturl","RENAMED","Missing Comment","joturl.py","No translation comment, but Python file exists"
"jpcert","RENAMED","Missing Comment","jpcert.py","No translation comment, but Python file exists"
"jugendschutz","RENAMED","Missing Comment","jugendschutz.py","No translation comment, but Python file exists"
"juno","RENAMED","Missing Comment","juno.py","No translation comment, but Python file exists"
"jutho","RENAMED","Missing Comment","jutho.py","No translation comment, but Python file exists"
"kabel_deutschland","FABRICATED","NO PYTHON SOURCE","","No Python source found - likely fabricated"
"kilpatricktown","RENAMED","Missing Comment","kilpatricktown.py","No translation comment, but Python file exists"
"kinghost","RENAMED","Missing Comment","kinghost.py","No translation comment, but Python file exists"
"kinopoisk","RENAMED","Missing Comment","kinopoisk.py","No translation comment, but Python file exists"
"klingler_net","RENAMED","Missing Comment","klingler_net.py","No translation comment, but Python file exists"
"korea_telecom","FABRICATED","NO PYTHON SOURCE","","No Python source found - likely fabricated"
"kpnmail","RENAMED","Missing Comment","kpnmail.py","No translation comment, but Python file exists"
"laliga","SUSPICIOUS","Pattern-based","","Pattern-based implementation"
"latam","RENAMED","Missing Comment","latam.py","No translation comment, but Python file exists"
"leakix","RENAMED","Missing Comment","leakix.py","No translation comment, but Python file exists"
"leakserv","RENAMED","Missing Comment","leakserv.py","No translation comment, but Python file exists"
"leaseweb","VERIFIED","Verified","leaseweb.py",""
"legalbaselaw","RENAMED","Missing Comment","legalbaselaw.py","No translation comment, but Python file exists"
"lg_uplus","FABRICATED","NO PYTHON SOURCE","","No Python source found - likely fabricated"
"limestone","VERIFIED","Verified","limestone.py",""
"linkedin","SUSPICIOUS","Pattern-based","","Pattern-based implementation"
"linode","FABRICATED","NO PYTHON SOURCE","","No Python source found - likely fabricated"
"m247","RENAMED","Missing Comment","m247.py","No translation comment, but Python file exists"
"magazineluiza","RENAMED","Missing Comment","magazineluiza.py","No translation comment, but Python file exists"
"mail_abuse","RENAMED","Missing Comment","mail_abuse.py","No translation comment, but Python file exists"
"mail_bolster","RENAMED","Missing Comment","mail_bolster.py","No translation comment, but Python file exists"
"mail_reject","RENAMED","Similar Python Found","001_mail_reject.py","Similar Python file exists"
"mail_ru","RENAMED","Missing Comment","mail_ru.py","No translation comment, but Python file exists"
"mailabuse","RENAMED","Missing Comment","mailabuse.py","No translation comment, but Python file exists"
"manitu","RENAMED","Missing Comment","manitu.py","No translation comment, but Python file exists"
"marche_be","FABRICATED","NO PYTHON SOURCE","","No Python source found - likely fabricated"
"marf","RENAMED","Similar Python Found","01_marf.py","Similar Python file exists"
"markscan","SUSPICIOUS","Pattern-based","","Pattern-based implementation"
"marqvision","RENAMED","Missing Comment","marqvision.py","No translation comment, but Python file exists"
"masterdaweb","RENAMED","Missing Comment","masterdaweb.py","No translation comment, but Python file exists"
"mcgill","RENAMED","Missing Comment","mcgill.py","No translation comment, but Python file exists"
"meadowbrookequine","RENAMED","Missing Comment","meadowbrookequine.py","No translation comment, but Python file exists"
"mediastory","RENAMED","Missing Comment","mediastory.py","No translation comment, but Python file exists"
"meldpunkt_kinderporno","RENAMED","Missing Comment","meldpunkt_kinderporno.py","No translation comment, but Python file exists"
"melio","RENAMED","Missing Comment","melio.py","No translation comment, but Python file exists"
"michael_joost","RENAMED","Missing Comment","michael_joost.py","No translation comment, but Python file exists"
"microsoft","RENAMED","Missing Comment","microsoft.py","No translation comment, but Python file exists"
"microsoft_dmca","SUSPICIOUS","Pattern-based","","Pattern-based implementation"
"mieweb","RENAMED","Missing Comment","mieweb.py","No translation comment, but Python file exists"
"miglisoft","RENAMED","Missing Comment","miglisoft.py","No translation comment, but Python file exists"
"mih_brandprotection","RENAMED","Missing Comment","mih_brandprotection.py","No translation comment, but Python file exists"
"mirrorimagegaming","RENAMED","Missing Comment","mirrorimagegaming.py","No translation comment, but Python file exists"
"mm_moneygram","RENAMED","Missing Comment","mm_moneygram.py","No translation comment, but Python file exists"
"mnemo","RENAMED","Missing Comment","mnemo.py","No translation comment, but Python file exists"
"mobsternet","RENAMED","Missing Comment","mobsternet.py","No translation comment, but Python file exists"
"mpa","SUSPICIOUS","Pattern-based","","Pattern-based implementation"
"mpaa","SUSPICIOUS","Pattern-based","","Pattern-based implementation"
"multimediallc","RENAMED","Missing Comment","multimediallc.py","No translation comment, but Python file exists"
"mxtoolbox","RENAMED","Missing Comment","mxtoolbox.py","No translation comment, but Python file exists"
"myloc","RENAMED","Missing Comment","myloc.py","No translation comment, but Python file exists"
"nagramonitoring","RENAMED","Missing Comment","nagramonitoring.py","No translation comment, but Python file exists"
"nagrastar","RENAMED","Missing Comment","nagrastar.py","No translation comment, but Python file exists"
"namecheap","FABRICATED","NO PYTHON SOURCE","","No Python source found - likely fabricated"
"names_uk","RENAMED","Missing Comment","names_uk.py","No translation comment, but Python file exists"
"nbcuni","RENAMED","Missing Comment","nbcuni.py","No translation comment, but Python file exists"
"ncmec","RENAMED","Missing Comment","ncmec.py","No translation comment, but Python file exists"
"ncsc","RENAMED","Missing Comment","ncsc.py","No translation comment, but Python file exists"
"ncsc_fi","RENAMED","Missing Comment","ncsc_fi.py","No translation comment, but Python file exists"
"ncsc_nl","RENAMED","Similar Python Found","ncsc.py","Similar Python file exists"
"neptus","RENAMED","Missing Comment","neptus.py","No translation comment, but Python file exists"
"netbuild","RENAMED","Missing Comment","netbuild.py","No translation comment, but Python file exists"
"netcologne","RENAMED","Missing Comment","netcologne.py","No translation comment, but Python file exists"
"netcraft","RENAMED","Missing Comment","netcraft.py","No translation comment, but Python file exists"
"netflix","SUSPICIOUS","Pattern-based","","Pattern-based implementation"
"netis","RENAMED","Missing Comment","netis.py","No translation comment, but Python file exists"
"netresult","RENAMED","Missing Comment","netresult.py","No translation comment, but Python file exists"
"netsecdb","RENAMED","Missing Comment","netsecdb.py","No translation comment, but Python file exists"
"netum","RENAMED","Missing Comment","netum.py","No translation comment, but Python file exists"
"nfoservers","VERIFIED","Verified","nfoservers.py",""
"nksc","RENAMED","Missing Comment","nksc.py","No translation comment, but Python file exists"
"nla","RENAMED","Missing Comment","nla.py","No translation comment, but Python file exists"
"nocix","FABRICATED","NO PYTHON SOURCE","","No Python source found - likely fabricated"
"notificationofinfringement","RENAMED","Missing Comment","notificationofinfringement.py","No translation comment, but Python file exists"
"nsc","RENAMED","Missing Comment","nsc.py","No translation comment, but Python file exists"
"nt_gov","RENAMED","Missing Comment","nt_gov.py","No translation comment, but Python file exists"
"ntt","RENAMED","Missing Comment","ntt.py","No translation comment, but Python file exists"
"nwf","RENAMED","Missing Comment","nwf.py","No translation comment, but Python file exists"
"nyx","RENAMED","Missing Comment","nyx.py","No translation comment, but Python file exists"
"obp_corsearch","RENAMED","Missing Comment","obp_corsearch.py","No translation comment, but Python file exists"
"octopusdns","RENAMED","Missing Comment","octopusdns.py","No translation comment, but Python file exists"
"oneandone","FABRICATED","NO PYTHON SOURCE","","No Python source found - likely fabricated"
"onecloud","RENAMED","Missing Comment","onecloud.py","No translation comment, but Python file exists"
"onsist","RENAMED","Missing Comment","onsist.py","No translation comment, but Python file exists"
"oplium","RENAMED","Missing Comment","oplium.py","No translation comment, but Python file exists"
"oppl","RENAMED","Missing Comment","oppl.py","No translation comment, but Python file exists"
"opsec_enforcements","FABRICATED","NO PYTHON SOURCE","","No Python source found - likely fabricated"
"opsec_protect","RENAMED","Missing Comment","opsec_protect.py","No translation comment, but Python file exists"
"opsecsecurityonline","SUSPICIOUS","Pattern-based","","Pattern-based implementation"
"orange","RENAMED","Missing Comment","orange.py","No translation comment, but Python file exists"
"orange_fr","RENAMED","Missing Comment","orange_fr.py","No translation comment, but Python file exists"
"orangecyberdefense","RENAMED","Missing Comment","orangecyberdefense.py","No translation comment, but Python file exists"
"osn","RENAMED","Missing Comment","osn.py","No translation comment, but Python file exists"
"outlook","RENAMED","Missing Comment","outlook.py","No translation comment, but Python file exists"
"outseer","RENAMED","Missing Comment","outseer.py","No translation comment, but Python file exists"
"ovh","FABRICATED","NO PYTHON SOURCE","","No Python source found - likely fabricated"
"p44","RENAMED","Missing Comment","p44.py","No translation comment, but Python file exists"
"packet","RENAMED","Similar Python Found","datapacket.py","Similar Python file exists"
"paps","RENAMED","Missing Comment","paps.py","No translation comment, but Python file exists"
"paramount","RENAMED","Missing Comment","paramount.py","No translation comment, but Python file exists"
"paypal","SUSPICIOUS","Pattern-based","","Pattern-based implementation"
"pccc_trap","RENAMED","Missing Comment","pccc_trap.py","No translation comment, but Python file exists"
"pedohunt","RENAMED","Missing Comment","pedohunt.py","No translation comment, but Python file exists"
"penega","RENAMED","Missing Comment","penega.py","No translation comment, but Python file exists"
"perfettivanmelle","RENAMED","Missing Comment","perfettivanmelle.py","No translation comment, but Python file exists"
"perso","RENAMED","Missing Comment","perso.py","No translation comment, but Python file exists"
"phishfort","VERIFIED","Verified","phishfort.py",""
"phishlabscom","VERIFIED","Verified","phishlabscom.py",""
"phoenixadvocates","RENAMED","Missing Comment","phoenixadvocates.py","No translation comment, but Python file exists"
"phototakedown","RENAMED","Missing Comment","phototakedown.py","No translation comment, but Python file exists"
"pj3cx","RENAMED","Missing Comment","pj3cx.py","No translation comment, but Python file exists"
"profihost","RENAMED","Missing Comment","profihost.py","No translation comment, but Python file exists"
"project_honeypot_trap","RENAMED","Missing Comment","project_honeypot_trap.py","No translation comment, but Python file exists"
"promusicae","RENAMED","Missing Comment","promusicae.py","No translation comment, but Python file exists"
"prsformusic","RENAMED","Missing Comment","prsformusic.py","No translation comment, but Python file exists"
"psychz","FABRICATED","NO PYTHON SOURCE","","No Python source found - likely fabricated"
"puglia","RENAMED","Missing Comment","puglia.py","No translation comment, but Python file exists"
"puig","RENAMED","Missing Comment","puig.py","No translation comment, but Python file exists"
"pwn2_zip","RENAMED","Missing Comment","pwn2_zip.py","No translation comment, but Python file exists"
"quadranet","FABRICATED","NO PYTHON SOURCE","","No Python source found - likely fabricated"
"qwertynetworks","RENAMED","Missing Comment","qwertynetworks.py","No translation comment, but Python file exists"
"rackspace","FABRICATED","NO PYTHON SOURCE","","No Python source found - likely fabricated"
"rapid7","RENAMED","Missing Comment","rapid7.py","No translation comment, but Python file exists"
"react","RENAMED","Missing Comment","react.py","No translation comment, but Python file exists"
"realityripple","RENAMED","Missing Comment","realityripple.py","No translation comment, but Python file exists"
"recordedfuture","FABRICATED","NO PYTHON SOURCE","","No Python source found - likely fabricated"
"redfish","RENAMED","Missing Comment","redfish.py","No translation comment, but Python file exists"
"rediffmail_tis","RENAMED","Missing Comment","rediffmail_tis.py","No translation comment, but Python file exists"
"redpoints","RENAMED","Missing Comment","redpoints.py","No translation comment, but Python file exists"
"reggerspaul","RENAMED","Missing Comment","reggerspaul.py","No translation comment, but Python file exists"
"regioconnect","RENAMED","Missing Comment","regioconnect.py","No translation comment, but Python file exists"
"registro","RENAMED","Missing Comment","registro.py","No translation comment, but Python file exists"
"removal_request","RENAMED","Missing Comment","removal_request.py","No translation comment, but Python file exists"
"revengepornhelpline","RENAMED","Missing Comment","revengepornhelpline.py","No translation comment, but Python file exists"
"riaa","VERIFIED","Verified","riaa.py",""
"richardwebley","RENAMED","Missing Comment","richardwebley.py","No translation comment, but Python file exists"
"ricomanagement","RENAMED","Missing Comment","ricomanagement.py","No translation comment, but Python file exists"
"riskiq","SUSPICIOUS","Pattern-based","","Pattern-based implementation"
"rivertec","RENAMED","Missing Comment","rivertec.py","No translation comment, but Python file exists"
"rogers","FABRICATED","NO PYTHON SOURCE","","No Python source found - likely fabricated"
"route53","SUSPICIOUS","Pattern-based","","Pattern-based implementation"
"rsjaffe","RENAMED","Missing Comment","rsjaffe.py","No translation comment, but Python file exists"
"ruprotect","RENAMED","Missing Comment","ruprotect.py","No translation comment, but Python file exists"
"sakura","RENAMED","Missing Comment","sakura.py","No translation comment, but Python file exists"
"savana","RENAMED","Missing Comment","savana.py","No translation comment, but Python file exists"
"sbcglobal","RENAMED","Missing Comment","sbcglobal.py","No translation comment, but Python file exists"
"scaleway","FABRICATED","NO PYTHON SOURCE","","No Python source found - likely fabricated"
"scert","RENAMED","Missing Comment","scert.py","No translation comment, but Python file exists"
"secureserver","RENAMED","Missing Comment","secureserver.py","No translation comment, but Python file exists"
"selcloud","RENAMED","Missing Comment","selcloud.py","No translation comment, but Python file exists"
"serverplan","RENAMED","Missing Comment","serverplan.py","No translation comment, but Python file exists"
"serverstack","RENAMED","Missing Comment","serverstack.py","No translation comment, but Python file exists"
"serviceexpress","RENAMED","Missing Comment","serviceexpress.py","No translation comment, but Python file exists"
"shadowserver","RENAMED","Missing Comment","shadowserver.py","No translation comment, but Python file exists"
"shadowserver_digest","RENAMED","Missing Comment","shadowserver_digest.py","No translation comment, but Python file exists"
"sharktech","FABRICATED","NO PYTHON SOURCE","","No Python source found - likely fabricated"
"shinhan","RENAMED","Missing Comment","shinhan.py","No translation comment, but Python file exists"
"shopify","FABRICATED","NO PYTHON SOURCE","","No Python source found - likely fabricated"
"sia","RENAMED","Missing Comment","sia.py","No translation comment, but Python file exists"
"sidnnl","RENAMED","Missing Comment","sidnnl.py","No translation comment, but Python file exists"
"simple_format","RENAMED","Similar Python Found","ZY_simple_format.py","Similar Python file exists"
"simple_guess_parser","RENAMED","Similar Python Found","ZZ_simple_guess_parser.py","Similar Python file exists"
"simple_rewrite","RENAMED","Similar Python Found","002_simple_rewrite.py","Similar Python file exists"
"simple_tis","RENAMED","Missing Comment","simple_tis.py","No translation comment, but Python file exists"
"simple_url_report","RENAMED","Similar Python Found","05_simple_url_report.py","Similar Python file exists"
"sk_broadband","FABRICATED","NO PYTHON SOURCE","","No Python source found - likely fabricated"
"skhron","RENAMED","Missing Comment","skhron.py","No translation comment, but Python file exists"
"sky","SUSPICIOUS","Pattern-based","","Pattern-based implementation"
"softlayer","FABRICATED","NO PYTHON SOURCE","","No Python source found - likely fabricated"
"sony","RENAMED","Missing Comment","sony.py","No translation comment, but Python file exists"
"spamcop","VERIFIED","Verified","spamcop.py",""
"spamhaus","VERIFIED","Verified","spamhaus.py",""
"spectrum","FABRICATED","NO PYTHON SOURCE","","No Python source found - likely fabricated"
"squarespace","VERIFIED","Verified","squarespace.py",""
"stackpath","RENAMED","Missing Comment","stackpath.py","No translation comment, but Python file exists"
"staxogroup","RENAMED","Missing Comment","staxogroup.py","No translation comment, but Python file exists"
"stockpile","RENAMED","Missing Comment","stockpile.py","No translation comment, but Python file exists"
"stop_or_kr","RENAMED","Missing Comment","stop_or_kr.py","No translation comment, but Python file exists"
"storage_base","RENAMED","Missing Comment","storage_base.py","No translation comment, but Python file exists"
"strato","FABRICATED","NO PYTHON SOURCE","","No Python source found - likely fabricated"
"streamenforcement","RENAMED","Missing Comment","streamenforcement.py","No translation comment, but Python file exists"
"studiobarbero","RENAMED","Missing Comment","studiobarbero.py","No translation comment, but Python file exists"
"svbuero","RENAMED","Missing Comment","svbuero.py","No translation comment, but Python file exists"
"swisscom","RENAMED","Missing Comment","swisscom.py","No translation comment, but Python file exists"
"swisscom_tis","RENAMED","Missing Comment","swisscom_tis.py","No translation comment, but Python file exists"
"switchch","RENAMED","Missing Comment","switchch.py","No translation comment, but Python file exists"
"synacor","RENAMED","Missing Comment","synacor.py","No translation comment, but Python file exists"
"systeam","RENAMED","Missing Comment","systeam.py","No translation comment, but Python file exists"
"takedown","RENAMED","Missing Comment","takedown.py","No translation comment, but Python file exists"
"takedownnow","RENAMED","Missing Comment","takedownnow.py","No translation comment, but Python file exists"
"takedownreporting","RENAMED","Missing Comment","takedownreporting.py","No translation comment, but Python file exists"
"tampabay","RENAMED","Missing Comment","tampabay.py","No translation comment, but Python file exists"
"tassilosturm","RENAMED","Missing Comment","tassilosturm.py","No translation comment, but Python file exists"
"tecban","RENAMED","Missing Comment","tecban.py","No translation comment, but Python file exists"
"techspace","RENAMED","Missing Comment","techspace.py","No translation comment, but Python file exists"
"telecentras","RENAMED","Missing Comment","telecentras.py","No translation comment, but Python file exists"
"telecom_tm","RENAMED","Missing Comment","telecom_tm.py","No translation comment, but Python file exists"
"telecomitalia","RENAMED","Missing Comment","telecomitalia.py","No translation comment, but Python file exists"
"telenor","RENAMED","Missing Comment","telenor.py","No translation comment, but Python file exists"
"telus","RENAMED","Missing Comment","telus.py","No translation comment, but Python file exists"
"tempest","RENAMED","Missing Comment","tempest.py","No translation comment, but Python file exists"
"tencent","FABRICATED","NO PYTHON SOURCE","","No Python source found - likely fabricated"
"terra","RENAMED","Missing Comment","terra.py","No translation comment, but Python file exists"
"tescobrandprotection","RENAMED","Missing Comment","tescobrandprotection.py","No translation comment, but Python file exists"
"themccandlessgroup","RENAMED","Missing Comment","themccandlessgroup.py","No translation comment, but Python file exists"
"thiscompany","RENAMED","Missing Comment","thiscompany.py","No translation comment, but Python file exists"
"thomsentrampedach","RENAMED","Missing Comment","thomsentrampedach.py","No translation comment, but Python file exists"
"threeantsds","RENAMED","Missing Comment","threeantsds.py","No translation comment, but Python file exists"
"tikaj","RENAMED","Missing Comment","tikaj.py","No translation comment, but Python file exists"
"timbrasil","RENAMED","Missing Comment","timbrasil.py","No translation comment, but Python file exists"
"tmclo","RENAMED","Missing Comment","tmclo.py","No translation comment, but Python file exists"
"tntelecom","RENAMED","Missing Comment","tntelecom.py","No translation comment, but Python file exists"
"torrent_markmonitor","RENAMED","Missing Comment","torrent_markmonitor.py","No translation comment, but Python file exists"
"triciafox","RENAMED","Missing Comment","triciafox.py","No translation comment, but Python file exists"
"truelite","RENAMED","Missing Comment","truelite.py","No translation comment, but Python file exists"
"trustpilot","RENAMED","Missing Comment","trustpilot.py","No translation comment, but Python file exists"
"ttp_law","RENAMED","Missing Comment","ttp_law.py","No translation comment, but Python file exists"
"tts_stuttgart","RENAMED","Missing Comment","tts_stuttgart.py","No translation comment, but Python file exists"
"tucows","RENAMED","Missing Comment","tucows.py","No translation comment, but Python file exists"
"tvb","RENAMED","Missing Comment","tvb.py","No translation comment, but Python file exists"
"twc","FABRICATED","NO PYTHON SOURCE","","No Python source found - likely fabricated"
"twitter","FABRICATED","NO PYTHON SOURCE","","No Python source found - likely fabricated"
"tx_rr","RENAMED","Missing Comment","tx_rr.py","No translation comment, but Python file exists"
"uceprotect","RENAMED","Missing Comment","uceprotect.py","No translation comment, but Python file exists"
"ucr_edu","RENAMED","Missing Comment","ucr_edu.py","No translation comment, but Python file exists"
"ucs_br","RENAMED","Missing Comment","ucs_br.py","No translation comment, but Python file exists"
"ufrgs","RENAMED","Missing Comment","ufrgs.py","No translation comment, but Python file exists"
"ukie","RENAMED","Missing Comment","ukie.py","No translation comment, but Python file exists"
"ukrbit","RENAMED","Missing Comment","ukrbit.py","No translation comment, but Python file exists"
"uni_koblenz","RENAMED","Missing Comment","uni_koblenz.py","No translation comment, but Python file exists"
"unity_media","FABRICATED","NO PYTHON SOURCE","","No Python source found - likely fabricated"
"uphf","RENAMED","Missing Comment","uphf.py","No translation comment, but Python file exists"
"urlhaus","RENAMED","Renamed","urlhaus.py for urlhaus-notify@abuse.ch","Python file not found at referenced location"
"us_cert","RENAMED","Missing Comment","us_cert.py","No translation comment, but Python file exists"
"valentinobrandprotection","RENAMED","Missing Comment","valentinobrandprotection.py","No translation comment, but Python file exists"
"verifrom","RENAMED","Missing Comment","verifrom.py","No translation comment, but Python file exists"
"verizon","VERIFIED","Verified","verizon.py",""
"versatel","FABRICATED","NO PYTHON SOURCE","","No Python source found - likely fabricated"
"viaccessorca","RENAMED","Missing Comment","viaccessorca.py","No translation comment, but Python file exists"
"viacom","SUSPICIOUS","Pattern-based","","Pattern-based implementation"
"virtus","RENAMED","Missing Comment","virtus.py","No translation comment, but Python file exists"
"vmware","RENAMED","Missing Comment","vmware.py","No translation comment, but Python file exists"
"vobileinc","RENAMED","Missing Comment","vobileinc.py","No translation comment, but Python file exists"
"vpsnet","RENAMED","Missing Comment","vpsnet.py","No translation comment, but Python file exists"
"vpsville","FABRICATED","NO PYTHON SOURCE","","No Python source found - likely fabricated"
"vultr","FABRICATED","NO PYTHON SOURCE","","No Python source found - likely fabricated"
"watchdog","RENAMED","Missing Comment","watchdog.py","No translation comment, but Python file exists"
"web","RENAMED","Missing Comment","web.py","No translation comment, but Python file exists"
"webcapio","RENAMED","Missing Comment","webcapio.py","No translation comment, but Python file exists"
"webhostabusereporting","RENAMED","Missing Comment","webhostabusereporting.py","No translation comment, but Python file exists"
"websheriff","RENAMED","Missing Comment","websheriff.py","No translation comment, but Python file exists"
"websteiner","RENAMED","Missing Comment","websteiner.py","No translation comment, but Python file exists"
"websumo","RENAMED","Missing Comment","websumo.py","No translation comment, but Python file exists"
"webtoonguide","RENAMED","Missing Comment","webtoonguide.py","No translation comment, but Python file exists"
"weightechinc","RENAMED","Missing Comment","weightechinc.py","No translation comment, but Python file exists"
"whitefoxboutique","RENAMED","Missing Comment","whitefoxboutique.py","No translation comment, but Python file exists"
"winterburn","RENAMED","Missing Comment","winterburn.py","No translation comment, but Python file exists"
"winvoice","RENAMED","Missing Comment","winvoice.py","No translation comment, but Python file exists"
"wisc","RENAMED","Missing Comment","wisc.py","No translation comment, but Python file exists"
"wix","RENAMED","Similar Python Found","crm_wix.py","Similar Python file exists"
"wordpress","SUSPICIOUS","Pattern-based","","Pattern-based implementation"
"xarf","RENAMED","Similar Python Found","02_xarf.py","Similar Python file exists"
"xtakedowns","RENAMED","Missing Comment","xtakedowns.py","No translation comment, but Python file exists"
"yahoo","RENAMED","Missing Comment","yahoo.py","No translation comment, but Python file exists"
"ybrandprotection","RENAMED","Missing Comment","ybrandprotection.py","No translation comment, but Python file exists"
"zap_hosting","RENAMED","Missing Comment","zap_hosting.py","No translation comment, but Python file exists"
"zapret","RENAMED","Missing Comment","zapret.py","No translation comment, but Python file exists"
"zenlayer","FABRICATED","NO PYTHON SOURCE","","No Python source found - likely fabricated"
"zero_spam","RENAMED","Missing Comment","zero_spam.py","No translation comment, but Python file exists"
"zerofox","SUSPICIOUS","Pattern-based","","Pattern-based implementation"
"zohocorp","RENAMED","Missing Comment","zohocorp.py","No translation comment, but Python file exists"
